"Lines","RelativePath"
"1641","ui\features\upload\UploadScreen.kt"
"1513","ui\features\document\DocumentDetailScreen.kt"
"1189","ui\common\CommonComponents.kt"
"1161","ui\features\about\AboutScreen.kt"
"1094","ui\features\profile\ProfileScreen.kt"
"1023","ui\features\video\VideoDetailScreen.kt"
"991","ui\features\home\HomeScreen.kt"
"989","ui\features\home\components\HomeFeedCard.kt"
"950","ui\navigation\NotesSharingApp.kt"
"869","ui\features\home\HomeViewModel.kt"
"790","ui\features\upload\UploadViewModel.kt"
"777","ui\features\profile\EditProfileScreen.kt"
"739","core\widget\ContinueLearningWidget.kt"
"714","ui\features\home\components\ContinueReadingCard.kt"
"702","ui\features\auth\SignUpScreen.kt"
"667","ui\common\LiquidContributorCard.kt"
"636","data\repository\UploadRepository.kt"
"635","ui\features\onboarding\UpdatesPage.kt"
"612","ui\features\explore\ExploreViewModel.kt"
"590","ui\features\document\DocumentDetailViewModel.kt"
"589","ui\features\explore\components\ExploreSuccessContent.kt"
"551","ui\features\trending\components\TrendingNoteDiscoveryCardContent.kt"
"526","data\service\DownloadForegroundService.kt"
"521","ui\features\auth\GoogleOnboardingScreen.kt"
"516","ui\features\explore\components\TrendingNoteCard.kt"
"488","ui\features\explore\SubjectResourcesScreen.kt"
"482","ui\features\myfiles\MyBookmarksScreen.kt"
"462","ui\features\profile\components\ProfileHeaderCard.kt"
"430","ui\features\myfiles\MyUploadsScreen.kt"
"416","ui\features\myfiles\MyFilesScreen.kt"
"390","ui\features\document\AttachmentPreviewCard.kt"
"381","ui\features\auth\LoginScreen.kt"
"370","ui\features\upload\UploadSuccessScreen.kt"
"365","ui\features\search\components\SearchResultCard.kt"
"364","data\repository\TrendingFeedRepository.kt"
"356","ui\features\profile\NotificationPreferencesScreen.kt"
"349","ui\features\home\components\HomeSuccessContent.kt"
"348","ui\features\explore\ExploreScreen.kt"
"329","ui\common\CustomPullRefreshIndicator.kt"
"322","ui\features\documentViewing\components\PdfViewerContent.kt"
"317","ui\common\navigation\WaterBottomBar.kt"
"313","ui\common\loading\KnowledgeNetworkLoading.kt"
"308","ui\features\explore\components\ScrollableRowWithIndicator.kt"
"292","data\mapper\ExploreMapper.kt"
"291","ui\features\home\components\PremiumGreetingBlock.kt"
"289","data\repository\DocumentDetailRepository.kt"
"288","ui\features\explore\SubjectResourcesViewModel.kt"
"288","ui\features\explore\components\MonkeyScrollbar.kt"
"284","ui\features\onboarding\UpdatesScreen.kt"
"283","ui\features\explore\components\SquirrelScrollbar.kt"
"278","ui\features\explore\ExamPrepScreen.kt"
"276","ui\features\auth\AuthViewModel.kt"
"273","ui\common\utils\SubjectBadgeUtils.kt"
"271","ui\features\explore\components\VideoRecommendationCard.kt"
"267","ui\features\search\SearchScreen.kt"
"262","ui\features\myfiles\MyFilesViewModel.kt"
"260","ui\common\navigation\WaterSurface.kt"
"256","ui\common\LiquidTransferProgressBar.kt"
"256","ui\common\ReportBottomSheet.kt"
"246","ui\features\onboarding\components\ConvergingResources.kt"
"240","ui\common\loading\StartupLoadingScreen.kt"
"240","data\mapper\ExploreRoomMapper.kt"
"239","ui\features\auth\WelcomeScreen.kt"
"238","core\widget\QuickActionsWidget.kt"
"234","ui\features\explore\AssignmentsScreen.kt"
"232","ui\features\profile\ProfileViewModel.kt"
"220","data\local\preferences\DownloadDataStoreManager.kt"
"219","domain\model\UiModels.kt"
"210","data\repository\BookmarkRepository.kt"
"209","ui\features\trending\TrendingNotesViewModel.kt"
"208","core\firebase\FirestoreUserService.kt"
"206","ui\common\BottomNavBar.kt"
"206","ui\features\explore\RecommendedVideosScreen.kt"
"205","data\repository\VideoDetailRepository.kt"
"200","ui\features\onboarding\components\CommunitySection.kt"
"195","ui\common\loading\StudyLoadingIndicator.kt"
"194","data\service\DownloadService.kt"
"193","ui\features\search\SearchViewModel.kt"
"190","domain\model\ExploreModels.kt"
"189","ui\features\onboarding\UpdatesPager.kt"
"185","ui\features\documentViewing\PdfViewingScreen.kt"
"185","ui\features\onboarding\components\ResourceCards.kt"
"184","ui\features\trending\components\TrendingNotesContent.kt"
"184","data\repository\UpvoteRepository.kt"
"183","ui\features\document\ImagePreviewCard.kt"
"174","data\repository\ReportRepository.kt"
"173","ui\features\documentViewing\ImageViewingScreen.kt"
"171","ui\features\search\components\SearchFilterDropdown.kt"
"165","ui\common\CommonThumbnailPlaceholders.kt"
"165","ui\features\document\AttachmentPreviewSection.kt"
"163","data\repository\ExploreRepository.kt"
"160","ui\features\documentViewing\PdfViewingViewModel.kt"
"157","domain\model\DocumentDetail.kt"
"152","ui\features\trending\components\TrendingNoteDiscoveryShimmerCard.kt"
"150","data\repository\SearchRepository.kt"
"149","ui\features\document\SingleImagePreviewCard.kt"
"147","MainActivity.kt"
"146","data\repository\ContinueLearningRepository.kt"
"145","data\repository\RecentlyOpenedRepository.kt"
"143","ui\features\explore\ExploreExpandedListScaffold.kt"
"141","ui\features\search\components\SearchTextField.kt"
"141","ui\features\documentViewing\ImageViewingViewModel.kt"
"140","firebase\NotesFirebaseMessagingService.kt"
"140","data\repository\NotificationRepository.kt"
"137","ui\features\video\VideoDetailViewModel.kt"
"137","data\repository\ViewTrackingRepository.kt"
"133","ui\features\trending\components\TrendingNoteMetadata.kt"
"131","ui\common\utils\FileSharingUtils.kt"
"127","data\repository\ProfileRepository.kt"
"126","data\repository\LocalUploadRepository.kt"
"125","ui\features\profile\NotificationPreferencesViewModel.kt"
"120","ui\features\trending\TrendingNotesRoute.kt"
"118","data\repository\AuthRepository.kt"
"118","data\repository\MetadataRepository.kt"
"117","ui\features\explore\components\DiscoverFeedItem.kt"
"117","ui\features\document\DocumentMetadataSection.kt"
"116","ui\features\documentViewing\components\PdfNetworkErrorView.kt"
"116","data\service\GoogleAuthHelper.kt"
"110","data\local\preferences\NotificationPreferences.kt"
"109","ui\features\trending\components\TrendingNoteStats.kt"
"106","data\mapper\HomeFeedMapper.kt"
"105","ui\common\AdaptiveScrollbar.kt"
"105","ui\common\states\DocumentErrorState.kt"
"104","ui\features\search\components\RecentSearchSection.kt"
"103","ui\features\document\UploaderInfoCard.kt"
"101","ui\theme\Theme.kt"
"99","ui\common\UiStates.kt"
"94","core\widget\WidgetUpdateManager.kt"
"87","ui\features\trending\components\TrendingNoteCard.kt"
"85","data\local\cache\TimedMemoryCache.kt"
"83","ui\navigation\AppDestination.kt"
"83","ui\features\explore\DiscoverScreen.kt"
"83","ui\features\document\PdfPreviewCard.kt"
"81","ui\features\search\components\SearchLoadingState.kt"
"81","ui\features\document\RelatedDocumentsSection.kt"
"81","ui\features\trending\components\TrendingNoteThumbnail.kt"
"79","ui\features\documentViewing\components\ZoomableImage.kt"
"75","ui\features\myfiles\BookmarkViewModel.kt"
"75","data\repository\ExploreRoomRepository.kt"
"74","ui\features\upload\UploadUiState.kt"
"73","ui\common\navigation\WaterPhysics.kt"
"71","domain\model\UploadModels.kt"
"70","ui\common\navigation\WaterNavItem.kt"
"70","data\local\cache\SearchCache.kt"
"68","ui\features\trending\components\TrendingNotesHeader.kt"
"67","ui\features\documentViewing\components\PdfErrorView.kt"
"66","ui\features\onboarding\components\AchievementBubbles.kt"
"65","ui\features\explore\components\ContributorCard.kt"
"65","firebase\FirestoreStatsService.kt"
"64","ui\features\explore\components\CollectionCard.kt"
"63","domain\model\VideoDetail.kt"
"62","ui\features\explore\components\ExamPrepBanner.kt"
"61","ui\features\search\components\SearchErrorState.kt"
"61","ui\features\search\SearchUiState.kt"
"61","ui\features\documentViewing\components\ImageErrorView.kt"
"60","data\repository\WidgetCountRepository.kt"
"60","ui\features\profile\ContributorStatsViewModel.kt"
"57","ui\features\onboarding\components\PageIndicator.kt"
"57","domain\util\ExploreRankingUtils.kt"
"57","ui\features\explore\components\PressScaleSurface.kt"
"56","ui\features\explore\components\TrendingNoteShimmer.kt"
"55","data\mapper\ProfileMapper.kt"
"54","data\repository\HomeFeedRepository.kt"
"53","data\local\search\SearchHistoryManager.kt"
"50","ui\features\about\AppSettingsViewModel.kt"
"49","ui\features\trending\TrendingNotesScreen.kt"
"48","data\local\entity\ExploreItemEntity.kt"
"48","ui\features\explore\components\Thumbnail.kt"
"47","ui\features\explore\components\RevisionCard.kt"
"47","ui\features\explore\components\SmallMetric.kt"
"46","ui\features\search\components\SearchEmptyState.kt"
"46","data\local\db\AppDatabase.kt"
"46","domain\model\Notification.kt"
"45","core\util\RefreshCooldownManager.kt"
"44","ui\features\onboarding\data\OnboardingPages.kt"
"40","ui\theme\Type.kt"
"40","ui\features\explore\components\SubjectChip.kt"
"38","data\service\ShareStorageProvider.kt"
"38","data\local\entity\HomeFeedItemEntity.kt"
"37","ui\common\navigation\model\WaterWaveState.kt"
"37","core\util\NormalizationUtil.kt"
"37","ui\common\AppBottomBar.kt"
"36","NotesSharingApplication.kt"
"35","ui\features\explore\components\ExploreHeader.kt"
"35","firebase\FirebaseStorageService.kt"
"32","data\local\dao\HomeFeedDao.kt"
"31","domain\model\AcademicCatalog.kt"
"31","core\util\LegacyAcademicCompatibilityResolver.kt"
"29","data\local\dao\ExploreDao.kt"
"29","data\local\entity\UserProfileEntity.kt"
"27","firebase\FirestoreDocumentService.kt"
"26","domain\model\DownloadModels.kt"
"24","core\util\RelativeTimeFormatter.kt"
"23","data\service\DownloadCountTracker.kt"
"23","ui\features\auth\AuthUiState.kt"
"22","data\local\dao\UserProfileDao.kt"
"22","ui\features\documentViewing\components\ImageViewerContent.kt"
"21","ui\features\documentViewing\components\ImageLoadingView.kt"
"21","ui\theme\Color.kt"
"21","ui\features\documentViewing\components\PdfLoadingView.kt"
"18","ui\features\search\SearchEvents.kt"
"18","ui\features\trending\TrendingNotesUiState.kt"
"17","ui\common\utils\DocumentTypeUtils.kt"
"17","core\config\DeveloperConfig.kt"
"17","data\repository\ContributorStatsRepository.kt"
"17","domain\model\UpdatePageModel.kt"
"15","core\widget\WidgetActions.kt"
"9","core\widget\WidgetDestinations.kt"
"9","core\widget\ContinueLearningWidgetReceiver.kt"
"9","core\widget\QuickActionsWidgetReceiver.kt"
"8","ui\features\document\DocumentPreviewSection.kt"
"8","ui\features\document\AttachmentCard.kt"
"1","ui\features\auth\AuthState.kt"
"1","data\local\db\DownloadDatabase.kt"
"1","data\local\db\Converters.kt"
"1","data\local\entity\DownloadEntities.kt"
"1","core\util\DownloadHelper.kt"
"1","data\local\dao\DownloadDao.kt"
"1","ui\features\auth\SplashScreen.kt"
